plausible,netlify,date
155,355,2021-03-04
145,305,2021-03-05
145,257,2021-03-06
131,369,2021-03-07
205,319,2021-03-08
157,322,2021-03-09
146,324,2021-03-10
155,342,2021-03-11
125,268,2021-03-12
98,343,2021-03-13
181,651,2021-03-14
378,337,2021-03-15
148,372,2021-03-16
141,327,2021-03-17
129,458,2021-03-18
201,485,2021-03-19
235,310,2021-03-20
129,337,2021-03-21
126,326,2021-03-22
139,293,2021-03-23
129,322,2021-03-24
124,307,2021-03-25
118,757,2021-03-26
414,503,2021-03-27
232,692,2021-03-28
255,498,2021-03-29
165,324,2021-03-30
138,317,2021-03-31
139,628,2021-03-01
319,480,2021-03-02
651,1097,2021-03-03
276,609,2021-03-04
